,coef,se,p
Log_Prosecutions_lag1_hat_ac_lt_c1,-0.3341700438004256***,0.04405848749314669,0.0
