,coef,se,p
Boudin_lag1_ac_ll_c1,-0.16088519706016413***,0.024951185582388145,0.0
