,coef,se,p
Log_Prosecutions_lag1_hat_nn_ac_lt_c1,-0.33372744428016254***,0.042705210911238536,0.0
